{"cameraMode":{"drawMode":0,"name":"Shaded","section":"Shading Mode"},"sceneLighting":false,"audioPlay":false,"sceneViewState":{"showFog":true,"showMaterialUpdate":false,"showSkybox":true,"showFlares":true,"showImageEffects":true,"showParticleSystems":true},"in2DMode":false,"pivot":{"x":13.208999633789063,"y":0.4139274060726166,"z":-3.6727454662323},"rotation":{"x":-0.31296107172966006,"y":-0.0008576023392379284,"z":0.0002825974370352924,"w":-0.9497655630111694},"size":3.422332525253296,"orthographic":false}